{
  "Frequencies": [
    31.2500000000000,
    62.5000000000000,
    70,
    80,
    90,
    125,
    155,
    187.500000000000,
    200,
    220,
    250,
    277,
    300,
    311,
    350,
    375,
    440,
    500,
    550,
    600,
    650,
    700,
    750,
    800,
    1000,
    1250,
    1500,
    1750,
    2000,
    2050,
    2100,
    2150,
    2155,
    2160,
    2175,
    2200,
    2250,
    2300,
    2500,
    2750,
    3000,
    4000,
    4200,
    4300,
    4500,
    4600,
    4700,
    4800,
    5000,
    5500,
    6000,
    7000,
    7500,
    8000,
    8500,
    9000,
    10000,
    11000,
    12000,
    13000,
    13500,
    14000,
    14500,
    15000
  ],
  "Amplitudes": [
    -33.3333333300000,
    -42.1666666650000,
    -43.7500000000000,
    -45.2916666650000,
    -47.3333333300000,
    -44.1666666700000,
    -41,
    -37.3333333300000,
    -37.1666666700000,
    -30.5436076800000,
    -30,
    -29.1666666650000,
    -26.8611111133333,
    -26.1458333337500,
    -25.9166666650000,
    -26.2500000033333,
    -28.1517512700000,
    -29.1904761900000,
    -29.5000000000000,
    -29.6458333325000,
    -30.3333333300000,
    -31.6666666700000,
    -31.7708333337500,
    -31.5000000000000,
    -32.2666666680000,
    -31.5000000000000,
    -31.7708333325000,
    -32.0416666650000,
    -31.2222222233333,
    -31.6666666650000,
    -30.8333333360000,
    -32,
    -32.3333333300000,
    -32.7916666700000,
    -33.5833333350000,
    -34.4361111100000,
    -34.1944444433333,
    -34.9699614400000,
    -41,
    -43,
    -47.6666666650000,
    -49.6666666700000,
    -48.6666666700000,
    -43.6666666700000,
    -41.8333333350000,
    -39.7500000000000,
    -39.9166666700000,
    -41.2500000000000,
    -42.3333333300000,
    -45.7628756200000,
    -44.3333333300000,
    -46,
    -47,
    -51.6666666700000,
    -50.3333333300000,
    -44.6666666700000,
    -39.3333333350000,
    -35.3333333300000,
    -32.3333333350000,
    -31.6666666700000,
    -28.3333333300000,
    -18.8333333350000,
    -12,
    -4.66666667000000
  ]
}