{
  "Frequencies": [
    31.25,
    62.5,
    70.0,
    80.0,
    90.0,
    125.0,
    155.0,
    187.5,
    200.0,
    220.0,
    250.0,
    277.0,
    300.0,
    311.0,
    350.0,
    375.0,
    440.0,
    500.0,
    550.0,
    600.0,
    650.0,
    700.0,
    750.0,
    800.0,
    1000.0,
    1250.0,
    1500.0,
    1750.0,
    2000.0,
    2050.0,
    2100.0,
    2150.0,
    2155.0,
    2160.0,
    2175.0,
    2200.0,
    2250.0,
    2500.0,
    2750.0,
    3000.0,
    4000.0,
    4200.0,
    4300.0,
    4500.0,
    4600.0,
    4700.0,
    4800.0,
    5000.0,
    5500.0,
    6000.0,
    7000.0,
    7500.0,
    8000.0,
    8500.0,
    9000.0,
    10000.0,
    11000.0,
    12000.0,
    13000.0,
    13500.0,
    14000.0,
    14500.0,
    15000.0
  ],
  "Amplitudes": [
    -33.3333321,
    -42.1666679,
    -43.75,
    -45.2916679,
    -47.3333321,
    -44.1666679,
    -41.0,
    -37.3333321,
    -37.1666679,
    -30.5436077,
    -30.0,
    -29.166666,
    -26.86111,
    -26.145834,
    -25.916666,
    -26.25,
    -28.15175,
    -29.1904755,
    -29.5,
    -29.645834,
    -30.333334,
    -31.666666,
    -31.770834,
    -31.5,
    -32.2666664,
    -31.5,
    -31.770834,
    -32.0416679,
    -31.2222214,
    -31.666666,
    -30.833334,
    -31.0,
    -32.3333321,
    -33.6666679,
    -34.6666679,
    -35.11111,
    -35.1666679,
    -41.0,
    -43.0,
    -47.6666679,
    -49.6666679,
    -48.6666679,
    -43.6666679,
    -41.8333321,
    -39.75,
    -39.9166679,
    -41.25,
    -42.3333321,
    -45.7628746,
    -44.3333321,
    -46.0,
    -47.0,
    -51.6666679,
    -50.3333321,
    -44.6666679,
    -39.3333321,
    -35.3333321,
    -32.3333321,
    -31.666666,
    -28.333334,
    -18.833334,
    -12.0,
    -4.66666651
  ]
}