{
  "Frequencies": [
    31.2500000000000,
    62.5000000000000,
    70,
    80,
    90,
    125,
    155,
    187.500000000000,
    200,
    220,
    250,
    277,
    300,
    311,
    350,
    375,
    440,
    500,
    550,
    600,
    650,
    700,
    750,
    800,
    1000,
    1250,
    1500,
    1750,
    2000,
    2050,
    2100,
    2150,
    2155,
    2160,
    2175,
    2200,
    2250,
    2300,
    2500,
    2750,
    3000,
    4000,
    4200,
    4300,
    4500,
    4600,
    4700,
    4800,
    5000,
    5500,
    6000,
    7000,
    7500,
    8000,
    8500,
    9000,
    10000,
    11000,
    12000,
    13000,
    13500,
    14000,
    14500,
    15000
  ],
  "Amplitudes": [
    -36.3333333300000,
    -45.1666666650000,
    -46.7500000000000,
    -48.2916666650000,
    -50.3333333300000,
    -47.1666666700000,
    -44,
    -40.3333333300000,
    -40.1666666700000,
    -33.5436076800000,
    -33,
    -32.1666666650000,
    -29.8611111133333,
    -29.1458333337500,
    -28.9166666650000,
    -29.2500000033333,
    -31.1517512700000,
    -32.1904761900000,
    -32.5000000000000,
    -32.6458333325000,
    -33.3333333300000,
    -34.6666666700000,
    -34.7708333337500,
    -34.5000000000000,
    -35.2666666680000,
    -34.5000000000000,
    -34.7708333325000,
    -35.0416666650000,
    -34.2222222233333,
    -34.6666666650000,
    -33.8333333360000,
    -35,
    -35.3333333300000,
    -35.7916666700000,
    -36.5833333350000,
    -37.4361111100000,
    -37.1944444433333,
    -37.9699614400000,
    -44,
    -46,
    -50.6666666650000,
    -52.6666666700000,
    -51.6666666700000,
    -46.6666666700000,
    -44.8333333350000,
    -42.7500000000000,
    -42.9166666700000,
    -44.2500000000000,
    -45.3333333300000,
    -48.7628756200000,
    -47.3333333300000,
    -49,
    -50,
    -54.6666666700000,
    -53.3333333300000,
    -47.6666666700000,
    -42.3333333350000,
    -38.3333333300000,
    -35.3333333350000,
    -34.6666666700000,
    -31.3333333300000,
    -21.8333333350000,
    -15,
    -7.66666667000000
  ]
}