{
  "Frequencies": [
    31.2500000000000,
    40,
    62.5000000000000,
    70,
    90,
    125,
    250,
    375,
    440,
    500,
    600,
    750,
    900,
    1000,
    1100,
    1200,
    1300,
    1400,
    1500,
    1750,
    1900,
    2000,
    2100,
    2200,
    2300,
    2400,
    2500,
    2750,
    3000,
    3500,
    4000,
    4500,
    5000,
    5500,
    6000,
    7000,
    7500,
    8000,
    8500,
    9000,
    9500,
    10000,
    11000
  ],
  "Amplitudes": [
    -31.3333,
    -39.9521,
    -50.3333,
    -52.3333,
    -54.7500,
    -48.8333,
    -43.0000,
    -43.0000,
    -41.1168,
    -36.5000,
    -31.6667,
    -26.2222,
    -25.0694,
    -27.2583,
    -24.3333,
    -22.8333,
    -21.5833,
    -22.3333,
    -21.8333,
    -20.9896,
    -17.8333,
    -19.5000,
    -20.1111,
    -21.9167,
    -20.1667,
    -19.9167,
    -20.5000,
    -20.0556,
    -20.1111,
    -22.2917,
    -24.5000,
    -28.1251,
    -28.3333,
    -31.1458,
    -29.0000,
    -27.2500,
    -29.9221,
    -31.1667,
    -31.2500,
    -23.9167,
    -18.6667,
    -12.0000,
    -3.0000
  ]
}