{
  "Frequencies": [
    31.2500000000000,
    40,
    62.5000000000000,
    70,
    90,
    125,
    250,
    375,
    440,
    500,
    600,
    750,
    900,
    1000,
    1100,
    1200,
    1300,
    1400,
    1500,
    1750,
    1900,
    2000,
    2100,
    2200,
    2300,
    2400,
    2500,
    2750,
    3000,
    3500,
    4000,
    4500,
    5000,
    5500,
    6000,
    7000,
    7500,
    8000,
    8500,
    9000,
    9500,
    10000,
    11000
  ],
  "Amplitudes": [
    -34.3333333300000,
    -42.9521166000000,
    -53.3333333300000,
    -55.3333333300000,
    -57.7500000000000,
    -51.8333333300000,
    -46,
    -46,
    -44.1168223400000,
    -39.5000000000000,
    -34.6666666700000,
    -29.2222222200000,
    -28.0694444466667,
    -30.2583333333333,
    -27.3333333300000,
    -25.8333333350000,
    -24.5833333300000,
    -25.3333333300000,
    -24.8333333350000,
    -23.9895833400000,
    -20.8333333350000,
    -22.5000000000000,
    -22.9166666700000,
    -24.9166666650000,
    -23.1666666700000,
    -22.9166666700000,
    -23.5000000000000,
    -23.0555555600000,
    -23.1111111133333,
    -25.2916666650000,
    -27.5000000000000,
    -31.1251344200000,
    -31.3333333300000,
    -34.1458064400000,
    -32,
    -30.2500000000000,
    -32.9220679000000,
    -34.1666666650000,
    -34.2500000000000,
    -26.9166666700000,
    -21.6666666700000,
    -15,
    -6
  ]
}